messages,metadata,statusCode,scenario
{id: al, object: thread, created_at: 94999646, metadata: {}},{},200,OK
{id: al, object: thread, created_at: 94999646, metadata: {}},{},201,OK
{id: al, object: thread, created_at: 94999646, metadata: {}},{},202,OK
{id: al, object: thread, created_at: 94999646, metadata: {}},{},203,OK
{id: al, object: thread, created_at: 94999646, metadata: {}},{},204,OK
{id: bg, object: pop, created_at: 98464346, metadata: {input: 5, output: 4}},{},300,NOT OK
{id: fg, object: stack, created_at: 76543364, metadata: {order: 1, stack: 2}},{},404,NOT OK
{id: tr, object: link, created_at: 34216346, metadata: {node: 12, link: 14}},{},500,NOT OK
{id: yr, object: search, created_at: 68754464, metadata: {pull: 3, push: 1}},{},400,NOT OK
{id: op, object: drop, created_at: 34211446, metadata: {add: 5, sub: 2}},{},101,NOT OK