thread_id,message_id,metadata,statusCode,scenario
consequat cupidatat aute,dolore consectetur commodo minim laboris,{},200,OK
RANDOM1,RANDOM2,{RANDOM_OBJ},500,Error
RANDOM3,RANDOM4,{RANDOM_OBJ},400,Fail
consequat cupidatat aute,dolore consectetur commodo minim laboris,{},200,OK
RANDOM5,RANDOM6,{RANDOM_OBJ},300,Issue
consequat cupidatat aute,dolore consectetur commodo minim laboris,{},200,OK
RANDOM7,RANDOM8,{RANDOM_OBJ},401,Unauthorized
consequat cupidatat aute,dolore consectetur commodo minim laboris,{},200,OK
RANDOM9,RANDOM10,{RANDOM_OBJ},404,NotFound
consequat cupidatat aute,dolore consectetur commodo minim laboris,{},200,OK