thread_id,message_id,statusCode,scenario
consequat cupidatat aute,dolore consectetur commodo minim laboris,200,OK
consequat cupidatat aute,dolore consectetur commodo minim laboris,201,OK
consequat cupidatat aute,dolore consectetur commodo minim laboris,202,OK
consequat cupidatat aute,dolore consectetur commodo minim laboris,203,OK
consequat cupidatat aute,dolore consectetur commodo minim laboris,204,OK
consequat cupidatat aute,dolore consectetur commodo minim laboris,205,OK
consequat cupidatat aute,dolore consectetur commodo minim laboris,206,OK
consequat cupidatat aute,dolore consectetur commodo minim laboris,207,OK
consequat cupidatat aute,dolore consectetur commodo minim laboris,208,OK
consequat cupidatat aute,dolore consectetur commodo minim laboris,209,OK
consequat cupidatat aute,dolore consectetur commodo minim laboris,210,OK
consequat cupidatat aute,dolore consectetur commodo minim laboris,211,OK
consequat cupidatat aute,dolore consectetur commodo minim laboris,212,OK
consequat cupidatat aute,dolore consectetur commodo minim laboris,213,OK
consequat cupidatat aute,dolore consectetur commodo minim laboris,214,OK
consequat cupidatat aute,dolore consectetur commodo minim laboris,215,OK
consequat cupidatat aute,dolore consectetur commodo minim laboris,216,OK
consequat cupidatat aute,dolore consectetur commodo minim laboris,217,OK
consequat cupidatat aute,dolore consectetur commodo minim laboris,218,OK
consequat cupidatat aute,dolore consectetur commodo minim laboris,219,OK
consequat cupidatat aute,dolore consectetur commodo minim laboris,220,OK
consequat cupidatat aute,dolore consectetur commodo minim laboris,221,OK
consequat cupidatat aute,dolore consectetur commodo minim laboris,222,OK
consequat cupidatat aute,dolore consectetur commodo minim laboris,223,OK
consequat cupidatat aute,dolore consectetur commodo minim laboris,224,OK
consequat cupidatat aute,dolore consectetur commodo minim laboris,225,OK
consequat cupidatat aute,dolore consectetur commodo minim laboris,226,OK
consequat cupidatat aute,dolore consectetur commodo minim laboris,227,OK
consequat cupidatat aute,dolore consectetur commodo minim laboris,228,OK
consequat cupidatat aute,dolore consectetur commodo minim laboris,229,OK
consequat cupidatat aute,dolore consectetur commodo minim laboris,230,OK
consequat cupidatat aute,dolore consectetur commodo minim laboris,231,OK
consequat cupidatat aute,dolore consectetur commodo minim laboris,232,OK
consequat cupidatat aute,dolore consectetur commodo minim laboris,233,OK
consequat cupidatat aute,dolore consectetur commodo minim laboris,234,OK
consequat cupidatat aute,dolore consectetur commodo minim laboris,235,OK
consequat cupidatat aute,dolore consectetur commodo minim laboris,236,OK
consequat cupidatat aute,dolore consectetur commodo minim laboris,237,OK
consequat cupidatat aute,dolore consectetur commodo minim laboris,238,OK
consequat cupidatat aute,dolore consectetur commodo minim laboris,239,OK
consequat cupidatat aute,dolore consectetur commodo minim laboris,240,OK
consequat cupidatat aute,dolore consectetur commodo minim laboris,241,OK
consequat cupidatat aute,dolore consectetur commodo minim laboris,242,OK
consequat cupidatat aute,dolore consectetur commodo minim laboris,243,OK
consequat cupidatat aute,dolore consectetur commodo minim laboris,244,OK
consequat cupidatat aute,dolore consectetur commodo minim laboris,245,OK
consequat cupidatat aute,dolore consectetur commodo minim laboris,246,OK
consequat cupidatat aute,dolore consectetur commodo minim laboris,247,OK
consequat cupidatat aute,dolore consectetur commodo minim laboris,248,OK
consequat cupidatat aute,dolore consectetur commodo minim laboris,249,OK
consequat cupidatat aute,dolore consectetur commodo minim laboris,250,OK
consequat cupidatat aute,dolore consectetur commodo minim laboris,251,OK
consequat cupidatat aute,dolore consectetur commodo minim laboris,252,OK
consequat cupidatat aute,dolore consectetur commodo minim laboris,253,OK
consequat cupidatat aute,dolore consectetur commodo minim laboris,254,OK
consequat cupidatat aute,dolore consectetur commodo minim laboris,255,OK
consequat cupidatat aute,dolore consectetur commodo minim laboris,256,OK
consequat cupidatat aute,dolore consectetur commodo minim laboris,257,OK
consequat cupidatat aute,dolore consectetur commodo minim laboris,258,OK
consequat cupidatat aute,dolore consectetur commodo minim laboris,259,OK
consequat cupidatat aute,dolore consectetur commodo minim laboris,260,OK
consequat cupidatat aute,dolore consectetur commodo minim laboris,261,OK
consequat cupidatat aute,dolore consectetur commodo minim laboris,262,OK
consequat cupidatat aute,dolore consectetur commodo minim laboris,263,OK
consequat cupidatat aute,dolore consectetur commodo minim laboris,264,OK
consequat cupidatat aute,dolore consectetur commodo minim laboris,265,OK
consequat cupidatat aute,dolore consectetur commodo minim laboris,266,OK
consequat cupidatat aute,dolore consectetur commodo minim laboris,267,OK
consequat cupidatat aute,dolore consectetur commodo minim laboris,268,OK
consequat cupidatat aute,dolore consectetur commodo minim laboris,269,OK
consequat cupidatat aute,dolore consectetur commodo minim laboris,270,OK
consequat cupidatat aute,dolore consectetur commodo minim laboris,271,OK
consequat cupidatat aute,dolore consectetur commodo minim laboris,272,OK
consequat cupidatat aute,dolore consectetur commodo minim laboris,273,OK
consequat cupidatat aute,dolore consectetur commodo minim laboris,274,OK
consequat cupidatat aute,dolore consectetur commodo minim laboris,275,OK
consequat cupidatat aute,dolore consectetur commodo minim laboris,276,OK
consequat cupidatat aute,dolore consectetur commodo minim laboris,277,OK
consequat cupidatat aute,dolore consectetur commodo minim laboris,278,OK
consequat cupidatat aute,dolore consectetur commodo minim laboris,279,OK
consequat cupidatat aute,dolore consectetur commodo minim laboris,280,OK
consequat cupidatat aute,dolore consectetur commodo minim laboris,281,OK
consequat cupidatat aute,dolore consectetur commodo minim laboris,282,OK
consequat cupidatat aute,dolore consectetur commodo minim laboris,283,OK
consequat cupidatat aute,dolore consectetur commodo minim laboris,284,OK
consequat cupidatat aute,dolore consectetur commodo minim laboris,285,OK
consequat cupidatat aute,dolore consectetur commodo minim laboris,286,OK
consequat cupidatat aute,dolore consectetur commodo minim laboris,287,OK
consequat cupidatat aute,dolore consectetur commodo minim laboris,288,OK
consequat cupidatat aute,dolore consectetur commodo minim laboris,289,OK
consequat cupidatat aute,dolore consectetur commodo minim laboris,290,OK
consequat cupidatat aute,dolore consectetur commodo minim laboris,291,OK
consequat cupidatat aute,dolore consectetur commodo minim laboris,292,OK
consequat cupidatat aute,dolore consectetur commodo minim laboris,293,OK
consequat cupidatat aute,dolore consectetur commodo minim laboris,294,OK
consequat cupidatat aute,dolore consectetur commodo minim laboris,295,OK
consequat cupidatat aute,dolore consectetur commodo minim laboris,296,OK
consequat cupidatat aute,dolore consectetur commodo minim laboris,297,OK
consequat cupidatat aute,dolore consectetur commodo minim laboris,298,OK
consequat cupidatat aute,dolore consectetur commodo minim laboris,299,OK
random_string_1,random_string_2,404,Error
random_string_3,random_string_4,500,Error