thread_id,statusCode,scenario
al,200,OK
al,201,OK
al,202,OK
al,203,OK
al,204,OK
al,205,OK
al,206,OK
al,207,OK
al,208,OK
al,209,OK
al,210,OK
al,211,OK
al,212,OK
al,213,OK
al,214,OK
al,215,OK
al,216,OK
al,217,OK
al,218,OK
al,219,OK
al,220,OK
al,221,OK
al,222,OK
al,223,OK
al,224,OK
al,225,OK
al,226,OK
al,227,OK
al,228,OK
al,229,OK
al,230,OK
al,231,OK
al,232,OK
al,233,OK
al,234,OK
al,235,OK
al,236,OK
al,237,OK
al,238,OK
al,239,OK
al,240,OK
al,241,OK
al,242,OK
al,243,OK
al,244,OK
al,245,OK
al,246,OK
al,247,OK
al,248,OK
al,249,OK
al,250,OK
al,251,OK
al,252,OK
al,253,OK
al,254,OK
al,255,OK
al,256,OK
al,257,OK
al,258,OK
al,259,OK
al,260,OK
al,261,OK
al,262,OK
al,263,OK
al,264,OK
al,265,OK
al,266,OK
al,267,OK
al,268,OK
al,269,OK
al,270,OK
al,271,OK
al,272,OK
al,273,OK
al,274,OK
al,275,OK
al,276,OK
al,277,OK
al,278,OK
al,279,OK
al,280,OK
al,281,OK
al,282,OK
al,283,OK
al,284,OK
al,285,OK
al,286,OK
al,287,OK
al,288,OK
al,289,OK
al,290,OK
al,291,OK
al,292,OK
al,293,OK
al,294,OK
al,295,OK
al,296,OK
al,297,OK
al,298,OK
al,299,OK
random1,400,Failure
random2,500,Failure
random3,404,Failure
random4,503,Failure
random5,425,Failure